id_trap,country,n,start,end,positives,p1_missing,p2_missing,any_missing,both_missing,p1_missing_percent,p2_missing_percent,any_missing_percent,both_missing_percent
1319,Austria,10,2020-05-08,2020-11-03,0,6,7,10,3,60.0,70.0,100.0,30.0
1346,Austria,8,2020-05-20,2020-08-26,0,8,2,8,2,100.0,25.0,100.0,25.0
1233,Austria,6,2020-05-08,2020-10-30,0,5,5,6,4,83.33333333333333,83.33333333333333,100.0,66.66666666666667
1337,Austria,6,2020-05-12,2020-10-09,0,4,5,6,3,66.66666666666667,83.33333333333333,100.0,50.0
198,Spain,5,2020-09-05,2020-10-24,0,3,4,5,2,60.0,80.0,100.0,40.0
195,Spain,4,2020-09-05,2020-10-24,0,3,3,4,2,75.0,75.0,100.0,50.0
879,Serbia,4,2020-08-25,2020-10-09,0,3,3,4,2,75.0,75.0,100.0,50.0
1249,Austria,4,2020-05-08,2020-11-02,0,4,3,4,3,100.0,75.0,100.0,75.0
873,Serbia,3,2020-08-30,2020-10-09,2,2,3,3,2,66.66666666666667,100.0,100.0,66.66666666666667
875,Serbia,3,2020-08-22,2020-10-09,1,2,3,3,2,66.66666666666667,100.0,100.0,66.66666666666667
876,Serbia,3,2020-08-23,2020-10-09,1,2,3,3,2,66.66666666666667,100.0,100.0,66.66666666666667
877,Serbia,3,2020-08-24,2020-10-09,1,2,3,3,2,66.66666666666667,100.0,100.0,66.66666666666667
878,Serbia,3,2020-08-26,2020-10-09,1,3,2,3,2,100.0,66.66666666666667,100.0,66.66666666666667
1021,Italy,3,2020-07-21,2020-08-11,0,2,2,3,1,66.66666666666667,66.66666666666667,100.0,33.333333333333336
1289,Austria,3,2020-08-23,2020-09-20,0,2,3,3,2,66.66666666666667,100.0,100.0,66.66666666666667
1354,Austria,3,2020-09-16,2020-11-03,0,2,3,3,2,66.66666666666667,100.0,100.0,66.66666666666667
1355,Austria,3,2020-09-16,2020-11-03,0,2,3,3,2,66.66666666666667,100.0,100.0,66.66666666666667
1631,The Netherlands,3,2020-08-26,2020-09-23,0,1,2,3,0,33.333333333333336,66.66666666666667,100.0,0.0
871,Serbia,2,2020-08-28,2020-10-09,0,2,2,2,2,100.0,100.0,100.0,100.0
872,Serbia,2,2020-08-29,2020-10-09,2,2,2,2,2,100.0,100.0,100.0,100.0
874,Serbia,2,2020-08-21,2020-10-09,1,2,2,2,2,100.0,100.0,100.0,100.0
1291,Austria,2,2020-06-22,2020-09-27,0,2,2,2,2,100.0,100.0,100.0,100.0
1300,Moldova,2,2020-10-05,2020-10-11,0,1,2,2,1,50.0,100.0,100.0,50.0
1301,Moldova,2,2020-07-12,2020-10-11,0,2,2,2,2,100.0,100.0,100.0,100.0
1302,Moldova,2,2020-10-05,2020-10-11,0,1,2,2,1,50.0,100.0,100.0,50.0
1303,Moldova,2,2020-07-12,2020-10-11,0,2,1,2,1,100.0,50.0,100.0,50.0
1306,Moldova,2,2020-10-05,2020-10-11,0,1,2,2,1,50.0,100.0,100.0,50.0
1356,Austria,2,2020-10-13,2020-11-03,0,1,2,2,1,50.0,100.0,100.0,50.0
1357,Austria,2,2020-10-13,2020-11-03,0,0,2,2,0,0.0,100.0,100.0,0.0
1411,Hungary,2,2020-09-16,2020-09-23,2,1,2,2,1,50.0,100.0,100.0,50.0
1415,Hungary,2,2020-09-16,2020-10-07,2,2,2,2,2,100.0,100.0,100.0,100.0
1465,Austria,2,2020-05-11,2020-08-08,0,2,2,2,2,100.0,100.0,100.0,100.0
1466,Austria,2,2020-05-11,2020-08-08,0,1,2,2,1,50.0,100.0,100.0,50.0
22,Cyprus,1,2020-06-24,2020-06-24,0,0,1,1,0,0.0,100.0,100.0,0.0
24,Cyprus,1,2020-06-24,2020-06-24,0,0,1,1,0,0.0,100.0,100.0,0.0
33,Cyprus,1,2020-10-16,2020-10-16,0,0,1,1,0,0.0,100.0,100.0,0.0
34,Cyprus,1,2020-10-16,2020-10-16,0,0,1,1,0,0.0,100.0,100.0,0.0
35,Cyprus,1,2020-10-16,2020-10-16,0,0,1,1,0,0.0,100.0,100.0,0.0
38,Cyprus,1,2020-06-24,2020-06-24,0,0,1,1,0,0.0,100.0,100.0,0.0
39,Cyprus,1,2020-06-24,2020-06-24,0,1,1,1,1,100.0,100.0,100.0,100.0
41,Cyprus,1,2020-06-24,2020-06-24,0,0,1,1,0,0.0,100.0,100.0,0.0
43,Cyprus,1,2020-10-16,2020-10-16,0,0,1,1,0,0.0,100.0,100.0,0.0
44,Cyprus,1,2020-10-16,2020-10-16,0,0,1,1,0,0.0,100.0,100.0,0.0
45,Cyprus,1,2020-10-16,2020-10-16,0,1,1,1,1,100.0,100.0,100.0,100.0
46,Cyprus,1,2020-10-16,2020-10-16,0,0,1,1,0,0.0,100.0,100.0,0.0
297,Greece,1,2020-09-10,2020-09-10,0,1,1,1,1,100.0,100.0,100.0,100.0
300,Greece,1,2020-09-10,2020-09-10,0,1,1,1,1,100.0,100.0,100.0,100.0
1022,Italy,1,2020-07-28,2020-07-28,0,1,1,1,1,100.0,100.0,100.0,100.0
1024,Italy,1,2020-07-14,2020-07-14,0,1,1,1,1,100.0,100.0,100.0,100.0
1025,Italy,1,2020-07-14,2020-07-14,0,1,1,1,1,100.0,100.0,100.0,100.0
1183,Switzerland,1,2020-09-08,2020-09-08,0,1,1,1,1,100.0,100.0,100.0,100.0
1185,Switzerland,1,2020-09-08,2020-09-08,0,1,1,1,1,100.0,100.0,100.0,100.0
1186,Switzerland,1,2020-09-08,2020-09-08,0,1,1,1,1,100.0,100.0,100.0,100.0
1187,Switzerland,1,2020-09-08,2020-09-08,0,1,1,1,1,100.0,100.0,100.0,100.0
1188,Switzerland,1,2020-09-08,2020-09-08,0,1,1,1,1,100.0,100.0,100.0,100.0
1189,Switzerland,1,2020-09-08,2020-09-08,0,1,1,1,1,100.0,100.0,100.0,100.0
1190,Switzerland,1,2020-09-08,2020-09-08,0,1,1,1,1,100.0,100.0,100.0,100.0
1191,Switzerland,1,2020-09-08,2020-09-08,0,1,1,1,1,100.0,100.0,100.0,100.0
1299,Moldova,1,2020-10-11,2020-10-11,0,1,0,1,0,100.0,0.0,100.0,0.0
1304,Moldova,1,2020-10-11,2020-10-11,0,1,1,1,1,100.0,100.0,100.0,100.0
1307,Moldova,1,2020-10-11,2020-10-11,0,1,0,1,0,100.0,0.0,100.0,0.0
1509,Austria,1,2020-06-18,2020-06-18,0,1,1,1,1,100.0,100.0,100.0,100.0
1510,Austria,1,2020-06-18,2020-06-18,0,1,1,1,1,100.0,100.0,100.0,100.0
1511,Austria,1,2020-06-18,2020-06-18,0,1,1,1,1,100.0,100.0,100.0,100.0
1512,Austria,1,2020-06-18,2020-06-18,0,1,1,1,1,100.0,100.0,100.0,100.0
1514,Austria,1,2020-06-18,2020-06-18,0,1,1,1,1,100.0,100.0,100.0,100.0
1545,Austria,1,2020-07-01,2020-07-01,0,0,1,1,0,0.0,100.0,100.0,0.0
1546,Austria,1,2020-07-01,2020-07-01,0,0,1,1,0,0.0,100.0,100.0,0.0
1552,Austria,1,2020-07-01,2020-07-01,0,0,1,1,0,0.0,100.0,100.0,0.0
1553,Austria,1,2020-07-01,2020-07-01,0,0,1,1,0,0.0,100.0,100.0,0.0
1554,Austria,1,2020-07-01,2020-07-01,0,0,1,1,0,0.0,100.0,100.0,0.0
1562,Slovakia,1,2020-09-29,2020-09-29,0,0,1,1,0,0.0,100.0,100.0,0.0
1563,Slovakia,1,2020-09-29,2020-09-29,0,1,1,1,1,100.0,100.0,100.0,100.0
1564,Slovakia,1,2020-09-29,2020-09-29,0,0,1,1,0,0.0,100.0,100.0,0.0
1565,Slovakia,1,2020-09-29,2020-09-29,0,0,1,1,0,0.0,100.0,100.0,0.0
1572,Slovakia,1,2020-09-29,2020-09-29,0,0,1,1,0,0.0,100.0,100.0,0.0
1573,Slovakia,1,2020-09-29,2020-09-29,0,0,1,1,0,0.0,100.0,100.0,0.0
1574,Slovakia,1,2020-09-29,2020-09-29,0,0,1,1,0,0.0,100.0,100.0,0.0
1575,Slovakia,1,2020-09-29,2020-09-29,0,0,1,1,0,0.0,100.0,100.0,0.0
1576,Slovakia,1,2020-09-29,2020-09-29,0,0,1,1,0,0.0,100.0,100.0,0.0
1625,The Netherlands,1,2020-07-14,2020-07-14,0,1,1,1,1,100.0,100.0,100.0,100.0
1626,The Netherlands,1,2020-07-14,2020-07-14,0,1,1,1,1,100.0,100.0,100.0,100.0
1627,The Netherlands,1,2020-07-14,2020-07-14,0,1,1,1,1,100.0,100.0,100.0,100.0
1628,The Netherlands,1,2020-07-14,2020-07-14,0,1,1,1,1,100.0,100.0,100.0,100.0
1629,The Netherlands,1,2020-07-14,2020-07-14,0,1,1,1,1,100.0,100.0,100.0,100.0
1632,The Netherlands,1,2020-08-20,2020-08-20,1,1,1,1,1,100.0,100.0,100.0,100.0
1447,Austria,12,2020-05-12,2020-10-27,0,7,8,11,4,58.333333333333336,66.66666666666667,91.66666666666667,33.333333333333336
1340,Austria,8,2020-05-12,2020-10-09,0,5,5,7,3,62.5,62.5,87.5,37.5
1350,Austria,13,2020-05-12,2020-10-09,0,6,6,11,1,46.15384615384615,46.15384615384615,84.61538461538461,7.6923076923076925
1296,Austria,11,2020-05-24,2020-11-01,0,6,7,9,4,54.54545454545455,63.63636363636363,81.81818181818181,36.36363636363637
1290,Austria,5,2020-06-28,2020-09-27,0,3,3,4,2,60.0,60.0,80.0,40.0
1250,Austria,9,2020-05-08,2020-11-02,0,5,5,7,3,55.55555555555556,55.55555555555556,77.77777777777777,33.333333333333336
1235,Austria,12,2020-05-08,2020-10-30,0,5,7,9,3,41.666666666666664,58.333333333333336,75.0,25.0
1254,Austria,8,2020-05-08,2020-10-30,0,4,6,6,4,50.0,75.0,75.0,50.0
880,Serbia,4,2020-08-27,2020-10-09,0,2,1,3,0,50.0,25.0,75.0,0.0
1232,Austria,4,2020-05-08,2020-10-30,0,2,3,3,2,50.0,75.0,75.0,50.0
1248,Austria,4,2020-05-08,2020-11-02,0,2,3,3,2,50.0,75.0,75.0,50.0
1251,Austria,4,2020-05-08,2020-11-02,0,2,3,3,2,50.0,75.0,75.0,50.0
1353,Austria,4,2020-09-09,2020-11-03,0,1,3,3,1,25.0,75.0,75.0,25.0
1295,Austria,15,2020-05-10,2020-11-01,0,6,7,11,2,40.0,46.666666666666664,73.33333333333333,13.333333333333334
1247,Austria,11,2020-05-08,2020-10-26,0,5,7,8,4,45.45454545454545,63.63636363636363,72.72727272727273,36.36363636363637
1265,Austria,11,2020-05-08,2020-10-30,0,5,7,8,4,45.45454545454545,63.63636363636363,72.72727272727273,36.36363636363637
1236,Austria,17,2020-05-08,2020-10-30,0,7,8,12,3,41.1764705882353,47.05882352941177,70.58823529411765,17.647058823529413
1452,Austria,10,2020-05-12,2020-10-27,0,4,6,7,3,40.0,60.0,70.0,30.0
1243,Austria,13,2020-05-08,2020-10-30,0,7,7,9,5,53.84615384615385,53.84615384615385,69.23076923076923,38.46153846153846
1262,Austria,15,2020-05-08,2020-10-30,0,6,7,10,3,40.0,46.666666666666664,66.66666666666667,20.0
1252,Austria,12,2020-05-08,2020-10-30,0,4,7,8,3,33.333333333333336,58.333333333333336,66.66666666666667,25.0
1341,Austria,12,2020-05-12,2020-10-09,0,5,7,8,4,41.666666666666664,58.333333333333336,66.66666666666667,33.333333333333336
1464,Austria,3,2020-05-11,2020-08-16,0,1,2,2,1,33.333333333333336,66.66666666666667,66.66666666666667,33.333333333333336
1467,Austria,3,2020-05-11,2020-08-16,0,1,2,2,1,33.333333333333336,66.66666666666667,66.66666666666667,33.333333333333336
1468,Austria,3,2020-05-11,2020-08-16,0,1,2,2,1,33.333333333333336,66.66666666666667,66.66666666666667,33.333333333333336
1648,The Netherlands,3,2020-07-09,2020-07-23,0,1,2,2,1,33.333333333333336,66.66666666666667,66.66666666666667,33.333333333333336
1649,The Netherlands,3,2020-07-09,2020-07-23,0,1,2,2,1,33.333333333333336,66.66666666666667,66.66666666666667,33.333333333333336
1650,The Netherlands,3,2020-07-09,2020-07-23,0,1,2,2,1,33.333333333333336,66.66666666666667,66.66666666666667,33.333333333333336
1651,The Netherlands,3,2020-07-09,2020-07-23,0,1,2,2,1,33.333333333333336,66.66666666666667,66.66666666666667,33.333333333333336
1652,The Netherlands,3,2020-07-09,2020-07-23,0,1,2,2,1,33.333333333333336,66.66666666666667,66.66666666666667,33.333333333333336
1257,Austria,14,2020-05-08,2020-10-30,0,6,5,9,2,42.857142857142854,35.714285714285715,64.28571428571429,14.285714285714286
1258,Austria,14,2020-05-08,2020-10-30,0,6,7,9,4,42.857142857142854,50.0,64.28571428571429,28.571428571428573
378,Spain,13,2020-07-29,2020-11-18,1,4,6,8,2,30.76923076923077,46.15384615384615,61.53846153846154,15.384615384615385
480,Italy,13,2020-06-16,2020-11-03,8,5,6,8,3,38.46153846153846,46.15384615384615,61.53846153846154,23.076923076923077
1348,Austria,13,2020-05-12,2020-10-09,0,4,6,8,2,30.76923076923077,46.15384615384615,61.53846153846154,15.384615384615385
1237,Austria,18,2020-05-08,2020-10-30,0,6,8,11,3,33.333333333333336,44.44444444444444,61.111111111111114,16.666666666666668
1229,Austria,15,2020-05-08,2020-10-30,0,6,6,9,3,40.0,40.0,60.0,20.0
189,Spain,5,2020-09-05,2020-10-24,0,2,3,3,2,40.0,60.0,60.0,40.0
1450,Austria,17,2020-05-12,2020-10-27,0,5,9,10,4,29.41176470588235,52.94117647058823,58.8235294117647,23.529411764705884
191,Spain,7,2020-09-05,2020-10-24,0,2,3,4,1,28.571428571428573,42.857142857142854,57.142857142857146,14.285714285714286
1338,Austria,11,2020-05-12,2020-10-09,0,4,6,6,4,36.36363636363637,54.54545454545455,54.54545454545455,36.36363636363637
1445,Austria,15,2020-05-12,2020-10-27,0,5,7,8,4,33.333333333333336,46.666666666666664,53.333333333333336,26.666666666666668
1530,Austria,15,2020-06-02,2020-11-03,0,4,5,8,1,26.666666666666668,33.333333333333336,53.333333333333336,6.666666666666667
1242,Austria,17,2020-05-08,2020-10-30,0,5,7,9,3,29.41176470588235,41.1764705882353,52.94117647058823,17.647058823529413
1537,Austria,17,2020-05-12,2020-11-03,0,7,4,9,2,41.1764705882353,23.529411764705884,52.94117647058823,11.764705882352942
1263,Austria,18,2020-05-08,2020-10-30,0,6,7,9,4,33.333333333333336,38.888888888888886,50.0,22.22222222222222
1227,Austria,16,2020-05-08,2020-10-30,0,4,8,8,4,25.0,50.0,50.0,25.0
1256,Austria,16,2020-05-08,2020-10-30,0,5,6,8,3,31.25,37.5,50.0,18.75
1261,Austria,12,2020-05-08,2020-10-30,0,4,5,6,3,33.333333333333336,41.666666666666664,50.0,25.0
1339,Austria,10,2020-05-12,2020-10-09,0,3,4,5,2,30.0,40.0,50.0,20.0
190,Spain,4,2020-07-21,2020-08-22,0,1,2,2,1,25.0,50.0,50.0,25.0
192,Spain,4,2020-07-21,2020-08-22,0,1,2,2,1,25.0,50.0,50.0,25.0
193,Spain,4,2020-07-21,2020-08-22,0,1,2,2,1,25.0,50.0,50.0,25.0
196,Spain,4,2020-07-21,2020-08-22,0,1,2,2,1,25.0,50.0,50.0,25.0
1630,The Netherlands,4,2020-08-20,2020-09-23,0,0,2,2,0,0.0,50.0,50.0,0.0
1633,The Netherlands,4,2020-08-20,2020-09-23,0,0,2,2,0,0.0,50.0,50.0,0.0
1634,The Netherlands,4,2020-08-20,2020-09-23,0,0,2,2,0,0.0,50.0,50.0,0.0
1636,The Netherlands,4,2020-08-20,2020-09-23,0,0,2,2,0,0.0,50.0,50.0,0.0
1230,Austria,19,2020-05-08,2020-10-30,0,5,8,9,4,26.31578947368421,42.10526315789474,47.36842105263158,21.05263157894737
1253,Austria,19,2020-05-08,2020-10-30,0,6,5,9,2,31.57894736842105,26.31578947368421,47.36842105263158,10.526315789473685
1259,Austria,19,2020-05-08,2020-10-30,0,6,5,9,2,31.57894736842105,26.31578947368421,47.36842105263158,10.526315789473685
1334,Austria,17,2020-05-11,2020-10-29,0,5,6,8,3,29.41176470588235,35.294117647058826,47.05882352941177,17.647058823529413
1454,Austria,17,2020-06-16,2020-10-27,0,4,5,8,1,23.529411764705884,29.41176470588235,47.05882352941177,5.882352941176471
1535,Austria,17,2020-05-12,2020-11-03,0,5,7,8,4,29.41176470588235,41.1764705882353,47.05882352941177,23.529411764705884
1228,Austria,15,2020-05-08,2020-10-30,0,5,6,7,4,33.333333333333336,40.0,46.666666666666664,26.666666666666668
1234,Austria,13,2020-05-08,2020-10-30,0,3,5,6,2,23.076923076923077,38.46153846153846,46.15384615384615,15.384615384615385
1240,Austria,11,2020-05-08,2020-10-30,0,3,5,5,3,27.272727272727273,45.45454545454545,45.45454545454545,27.272727272727273
1333,Austria,20,2020-05-11,2020-10-29,0,5,6,9,2,25.0,30.0,45.0,10.0
1453,Austria,20,2020-05-12,2020-10-27,0,6,4,9,1,30.0,20.0,45.0,5.0
1456,Austria,16,2020-05-12,2020-10-27,0,4,6,7,3,25.0,37.5,43.75,18.75
1336,Austria,21,2020-05-11,2020-10-29,0,5,5,9,1,23.80952380952381,23.80952380952381,42.857142857142854,4.761904761904762
396,Spain,14,2020-08-06,2020-12-04,11,2,5,6,1,14.285714285714286,35.714285714285715,42.857142857142854,7.142857142857143
224,Spain,12,2020-07-28,2020-11-11,4,2,5,5,2,16.666666666666668,41.666666666666664,41.666666666666664,16.666666666666668
1442,Austria,17,2020-06-16,2020-10-27,0,4,4,7,1,23.529411764705884,23.529411764705884,41.1764705882353,5.882352941176471
1239,Austria,10,2020-05-08,2020-10-30,0,2,4,4,2,20.0,40.0,40.0,20.0
169,Spain,5,2020-07-22,2020-08-22,0,1,2,2,1,20.0,40.0,40.0,20.0
179,Spain,5,2020-07-21,2020-08-29,0,1,2,2,1,20.0,40.0,40.0,20.0
182,Spain,5,2020-07-21,2020-08-29,0,1,2,2,1,20.0,40.0,40.0,20.0
183,Spain,5,2020-07-21,2020-08-29,0,1,2,2,1,20.0,40.0,40.0,20.0
185,Spain,5,2020-09-05,2020-10-03,0,1,2,2,1,20.0,40.0,40.0,20.0
186,Spain,5,2020-07-21,2020-08-29,0,1,2,2,1,20.0,40.0,40.0,20.0
188,Spain,5,2020-07-21,2020-08-29,0,1,2,2,1,20.0,40.0,40.0,20.0
197,Spain,5,2020-07-21,2020-08-29,0,1,2,2,1,20.0,40.0,40.0,20.0
1245,Austria,21,2020-05-08,2020-10-30,0,5,5,8,2,23.80952380952381,23.80952380952381,38.095238095238095,9.523809523809524
1455,Austria,16,2020-06-23,2020-10-27,0,3,5,6,2,18.75,31.25,37.5,12.5
1231,Austria,19,2020-05-08,2020-10-30,0,4,7,7,4,21.05263157894737,36.8421052631579,36.8421052631579,21.05263157894737
355,Spain,14,2020-07-27,2020-11-11,13,2,4,5,1,14.285714285714286,28.571428571428573,35.714285714285715,7.142857142857143
465,Italy,18,2020-06-16,2020-11-03,13,3,5,6,2,16.666666666666668,27.77777777777778,33.333333333333336,11.11111111111111
473,Italy,18,2020-06-16,2020-11-03,12,3,5,6,2,16.666666666666668,27.77777777777778,33.333333333333336,11.11111111111111
1520,Austria,18,2020-05-14,2020-10-28,0,2,5,6,1,11.11111111111111,27.77777777777778,33.333333333333336,5.555555555555555
377,Spain,15,2020-07-29,2020-12-02,0,3,5,5,3,20.0,33.333333333333336,33.333333333333336,20.0
380,Spain,15,2020-07-29,2020-12-02,1,3,4,5,2,20.0,26.666666666666668,33.333333333333336,13.333333333333334
1255,Austria,15,2020-05-08,2020-10-30,0,3,4,5,2,20.0,26.666666666666668,33.333333333333336,13.333333333333334
159,Portugal,12,2020-07-24,2020-10-30,0,1,4,4,1,8.333333333333334,33.333333333333336,33.333333333333336,8.333333333333334
160,Portugal,12,2020-07-24,2020-10-30,0,1,4,4,1,8.333333333333334,33.333333333333336,33.333333333333336,8.333333333333334
161,Portugal,12,2020-07-24,2020-10-30,0,1,4,4,1,8.333333333333334,33.333333333333336,33.333333333333336,8.333333333333334
162,Portugal,12,2020-07-24,2020-10-30,0,1,4,4,1,8.333333333333334,33.333333333333336,33.333333333333336,8.333333333333334
163,Portugal,12,2020-07-24,2020-10-30,0,1,4,4,1,8.333333333333334,33.333333333333336,33.333333333333336,8.333333333333334
223,Spain,12,2020-08-04,2020-11-11,4,2,3,4,1,16.666666666666668,25.0,33.333333333333336,8.333333333333334
226,Spain,12,2020-08-04,2020-11-11,5,2,3,4,1,16.666666666666668,25.0,33.333333333333336,8.333333333333334
392,Spain,9,2020-08-07,2020-10-17,8,2,3,3,2,22.22222222222222,33.333333333333336,33.333333333333336,22.22222222222222
393,Spain,9,2020-08-07,2020-10-17,8,1,3,3,1,11.11111111111111,33.333333333333336,33.333333333333336,11.11111111111111
171,Spain,6,2020-07-22,2020-08-29,0,1,2,2,1,16.666666666666668,33.333333333333336,33.333333333333336,16.666666666666668
174,Spain,6,2020-07-22,2020-08-29,0,1,2,2,1,16.666666666666668,33.333333333333336,33.333333333333336,16.666666666666668
176,Spain,6,2020-07-22,2020-08-29,0,1,2,2,1,16.666666666666668,33.333333333333336,33.333333333333336,16.666666666666668
178,Spain,6,2020-07-22,2020-08-29,0,1,2,2,1,16.666666666666668,33.333333333333336,33.333333333333336,16.666666666666668
1613,The Netherlands,3,2020-09-15,2020-10-06,0,0,1,1,0,0.0,33.333333333333336,33.333333333333336,0.0
1614,The Netherlands,3,2020-09-15,2020-10-06,0,0,1,1,0,0.0,33.333333333333336,33.333333333333336,0.0
1615,The Netherlands,3,2020-09-15,2020-10-06,0,0,1,1,0,0.0,33.333333333333336,33.333333333333336,0.0
1616,The Netherlands,3,2020-09-15,2020-10-06,0,0,1,1,0,0.0,33.333333333333336,33.333333333333336,0.0
1618,The Netherlands,3,2020-09-15,2020-10-06,0,0,1,1,0,0.0,33.333333333333336,33.333333333333336,0.0
1264,Austria,19,2020-05-08,2020-10-30,0,3,6,6,3,15.789473684210526,31.57894736842105,31.57894736842105,15.789473684210526
1297,Austria,19,2020-05-10,2020-11-01,0,3,5,6,2,15.789473684210526,26.31578947368421,31.57894736842105,10.526315789473685
1349,Austria,16,2020-05-12,2020-10-09,0,3,3,5,1,18.75,18.75,31.25,6.25
227,Spain,13,2020-07-28,2020-11-11,8,2,3,4,1,15.384615384615385,23.076923076923077,30.76923076923077,7.6923076923076925
1293,Austria,13,2020-06-22,2020-10-11,0,3,2,4,1,23.076923076923077,15.384615384615385,30.76923076923077,7.6923076923076925
1332,Austria,20,2020-05-11,2020-10-29,0,4,4,6,2,20.0,20.0,30.0,10.0
1524,Austria,17,2020-06-02,2020-11-03,0,2,4,5,1,11.764705882352942,23.529411764705884,29.41176470588235,5.882352941176471
1536,Austria,21,2020-05-12,2020-11-03,0,3,5,6,2,14.285714285714286,23.80952380952381,28.571428571428573,9.523809523809524
387,Spain,14,2020-08-05,2020-11-18,10,2,4,4,2,14.285714285714286,28.571428571428573,28.571428571428573,14.285714285714286
170,Spain,7,2020-09-12,2020-10-24,0,1,2,2,1,14.285714285714286,28.571428571428573,28.571428571428573,14.285714285714286
175,Spain,7,2020-09-05,2020-10-17,0,1,2,2,1,14.285714285714286,28.571428571428573,28.571428571428573,14.285714285714286
187,Spain,7,2020-09-05,2020-10-17,0,1,2,2,1,14.285714285714286,28.571428571428573,28.571428571428573,14.285714285714286
194,Spain,7,2020-09-12,2020-10-24,0,1,2,2,1,14.285714285714286,28.571428571428573,28.571428571428573,14.285714285714286
231,Spain,15,2020-07-28,2020-11-10,6,2,3,4,1,13.333333333333334,20.0,26.666666666666668,6.666666666666667
234,Spain,15,2020-07-28,2020-11-10,10,2,3,4,1,13.333333333333334,20.0,26.666666666666668,6.666666666666667
388,Spain,15,2020-08-05,2020-11-18,2,2,3,4,1,13.333333333333334,20.0,26.666666666666668,6.666666666666667
390,Spain,15,2020-08-05,2020-11-18,9,2,3,4,1,13.333333333333334,20.0,26.666666666666668,6.666666666666667
394,Spain,15,2020-08-06,2020-12-04,8,1,4,4,1,6.666666666666667,26.666666666666668,26.666666666666668,6.666666666666667
397,Spain,15,2020-08-06,2020-12-04,11,1,4,4,1,6.666666666666667,26.666666666666668,26.666666666666668,6.666666666666667
1292,Austria,15,2020-06-15,2020-10-11,0,2,3,4,1,13.333333333333334,20.0,26.666666666666668,6.666666666666667
1439,Austria,23,2020-05-12,2020-10-27,0,3,4,6,1,13.043478260869565,17.391304347826086,26.08695652173913,4.3478260869565215
1476,Austria,23,2020-05-07,2020-10-22,0,3,4,6,1,13.043478260869565,17.391304347826086,26.08695652173913,4.3478260869565215
1241,Austria,24,2020-05-08,2020-10-30,0,3,4,6,1,12.5,16.666666666666668,25.0,4.166666666666667
1266,Austria,24,2020-05-08,2020-10-30,0,3,4,6,1,12.5,16.666666666666668,25.0,4.166666666666667
1534,Austria,24,2020-05-12,2020-11-03,0,3,4,6,1,12.5,16.666666666666668,25.0,4.166666666666667
1294,Austria,20,2020-05-10,2020-11-01,0,2,5,5,2,10.0,25.0,25.0,10.0
1518,Austria,20,2020-05-14,2020-10-28,0,2,4,5,1,10.0,20.0,25.0,5.0
439,Italy,16,2020-07-07,2020-11-03,12,2,4,4,2,12.5,25.0,25.0,12.5
443,Italy,16,2020-06-30,2020-10-27,15,2,4,4,2,12.5,25.0,25.0,12.5
127,Portugal,8,2020-09-07,2020-11-02,5,0,2,2,0,0.0,25.0,25.0,0.0
128,Portugal,8,2020-09-07,2020-11-02,0,0,2,2,0,0.0,25.0,25.0,0.0
129,Portugal,8,2020-09-07,2020-11-02,3,0,2,2,0,0.0,25.0,25.0,0.0
130,Portugal,8,2020-09-07,2020-11-02,1,0,2,2,0,0.0,25.0,25.0,0.0
131,Portugal,8,2020-09-07,2020-11-02,4,0,2,2,0,0.0,25.0,25.0,0.0
172,Spain,8,2020-09-05,2020-10-24,0,1,2,2,1,12.5,25.0,25.0,12.5
173,Spain,8,2020-09-05,2020-10-24,0,1,2,2,1,12.5,25.0,25.0,12.5
177,Spain,8,2020-09-05,2020-10-24,0,1,2,2,1,12.5,25.0,25.0,12.5
180,Spain,8,2020-09-05,2020-10-24,0,1,2,2,1,12.5,25.0,25.0,12.5
181,Spain,8,2020-09-05,2020-10-24,0,1,2,2,1,12.5,25.0,25.0,12.5
184,Spain,8,2020-09-05,2020-10-24,0,1,2,2,1,12.5,25.0,25.0,12.5
440,Italy,17,2020-06-30,2020-11-03,14,2,4,4,2,11.764705882352942,23.529411764705884,23.529411764705884,11.764705882352942
441,Italy,17,2020-06-30,2020-11-03,14,2,4,4,2,11.764705882352942,23.529411764705884,23.529411764705884,11.764705882352942
442,Italy,17,2020-06-30,2020-11-03,15,2,4,4,2,11.764705882352942,23.529411764705884,23.529411764705884,11.764705882352942
225,Spain,13,2020-08-04,2020-11-11,4,1,3,3,1,7.6923076923076925,23.076923076923077,23.076923076923077,7.6923076923076925
381,Spain,18,2020-07-29,2020-12-02,2,2,3,4,1,11.11111111111111,16.666666666666668,22.22222222222222,5.555555555555555
1298,Austria,23,2020-05-10,2020-11-01,0,2,4,5,1,8.695652173913043,17.391304347826086,21.73913043478261,4.3478260869565215
398,Spain,14,2020-08-06,2020-12-04,10,1,3,3,1,7.142857142857143,21.428571428571427,21.428571428571427,7.142857142857143
484,Italy,19,2020-06-16,2020-11-03,16,2,4,4,2,10.526315789473685,21.05263157894737,21.05263157894737,10.526315789473685
232,Spain,15,2020-07-28,2020-11-10,11,2,2,3,1,13.333333333333334,13.333333333333334,20.0,6.666666666666667
353,Spain,15,2020-07-27,2020-11-11,14,1,3,3,1,6.666666666666667,20.0,20.0,6.666666666666667
354,Spain,15,2020-07-27,2020-11-11,11,1,3,3,1,6.666666666666667,20.0,20.0,6.666666666666667
356,Spain,15,2020-07-27,2020-11-11,11,1,3,3,1,6.666666666666667,20.0,20.0,6.666666666666667
357,Spain,15,2020-07-27,2020-11-11,10,1,3,3,1,6.666666666666667,20.0,20.0,6.666666666666667
382,Spain,15,2020-07-27,2020-11-11,10,1,3,3,1,6.666666666666667,20.0,20.0,6.666666666666667
383,Spain,15,2020-07-27,2020-11-11,6,1,3,3,1,6.666666666666667,20.0,20.0,6.666666666666667
384,Spain,15,2020-07-27,2020-11-11,10,1,3,3,1,6.666666666666667,20.0,20.0,6.666666666666667
385,Spain,15,2020-07-27,2020-11-11,6,1,3,3,1,6.666666666666667,20.0,20.0,6.666666666666667
386,Spain,15,2020-07-27,2020-11-11,5,1,3,3,1,6.666666666666667,20.0,20.0,6.666666666666667
281,Albania,26,2020-06-03,2020-12-30,19,1,4,5,0,3.8461538461538463,15.384615384615385,19.23076923076923,0.0
1351,Austria,16,2020-05-12,2020-10-09,0,2,3,3,2,12.5,18.75,18.75,12.5
1458,Austria,22,2020-05-12,2020-10-27,0,2,4,4,2,9.090909090909092,18.181818181818183,18.181818181818183,9.090909090909092
1386,Austria,24,2020-05-11,2020-10-29,0,2,3,4,1,8.333333333333334,12.5,16.666666666666668,4.166666666666667
1388,Austria,24,2020-05-11,2020-10-29,0,2,3,4,1,8.333333333333334,12.5,16.666666666666668,4.166666666666667
1436,Austria,24,2020-05-12,2020-10-27,0,2,3,4,1,8.333333333333334,12.5,16.666666666666668,4.166666666666667
1440,Austria,24,2020-05-12,2020-10-27,0,2,3,4,1,8.333333333333334,12.5,16.666666666666668,4.166666666666667
1475,Austria,24,2020-05-07,2020-10-22,0,2,3,4,1,8.333333333333334,12.5,16.666666666666668,4.166666666666667
1477,Austria,24,2020-05-07,2020-10-22,0,2,3,4,1,8.333333333333334,12.5,16.666666666666668,4.166666666666667
1488,Austria,24,2020-05-13,2020-10-28,0,2,3,4,1,8.333333333333334,12.5,16.666666666666668,4.166666666666667
1492,Austria,24,2020-05-13,2020-10-28,0,2,3,4,1,8.333333333333334,12.5,16.666666666666668,4.166666666666667
1538,Austria,24,2020-05-12,2020-11-03,0,2,4,4,2,8.333333333333334,16.666666666666668,16.666666666666668,8.333333333333334
1449,Austria,18,2020-06-16,2020-10-27,0,2,3,3,2,11.11111111111111,16.666666666666668,16.666666666666668,11.11111111111111
1523,Austria,18,2020-06-02,2020-11-03,0,1,3,3,1,5.555555555555555,16.666666666666668,16.666666666666668,5.555555555555555
1525,Austria,18,2020-06-02,2020-11-03,0,1,3,3,1,5.555555555555555,16.666666666666668,16.666666666666668,5.555555555555555
1527,Austria,18,2020-06-02,2020-11-03,0,1,3,3,1,5.555555555555555,16.666666666666668,16.666666666666668,5.555555555555555
1246,Austria,25,2020-05-08,2020-10-30,0,2,3,4,1,8.0,12.0,16.0,4.0
1519,Austria,25,2020-04-04,2020-10-28,0,2,3,4,1,8.0,12.0,16.0,4.0
140,Greece,19,2020-01-03,2020-11-13,0,2,3,3,2,10.526315789473685,15.789473684210526,15.789473684210526,10.526315789473685
395,Spain,13,2020-08-27,2020-12-04,8,0,2,2,0,0.0,15.384615384615385,15.384615384615385,0.0
1318,Austria,20,2020-05-08,2020-10-18,0,1,3,3,1,5.0,15.0,15.0,5.0
1521,Austria,21,2020-05-14,2020-10-28,0,1,3,3,1,4.761904761904762,14.285714285714286,14.285714285714286,4.761904761904762
164,Portugal,15,2020-07-26,2020-11-01,0,1,2,2,1,6.666666666666667,13.333333333333334,13.333333333333334,6.666666666666667
165,Portugal,15,2020-07-26,2020-11-01,0,1,2,2,1,6.666666666666667,13.333333333333334,13.333333333333334,6.666666666666667
166,Portugal,15,2020-07-26,2020-11-01,0,1,2,2,1,6.666666666666667,13.333333333333334,13.333333333333334,6.666666666666667
167,Portugal,15,2020-07-26,2020-11-01,0,1,2,2,1,6.666666666666667,13.333333333333334,13.333333333333334,6.666666666666667
168,Portugal,15,2020-07-26,2020-11-01,0,1,2,2,1,6.666666666666667,13.333333333333334,13.333333333333334,6.666666666666667
229,Spain,15,2020-08-04,2020-11-10,11,1,2,2,1,6.666666666666667,13.333333333333334,13.333333333333334,6.666666666666667
391,Spain,15,2020-08-12,2020-11-18,11,1,2,2,1,6.666666666666667,13.333333333333334,13.333333333333334,6.666666666666667
290,Albania,31,2020-05-27,2020-12-30,16,2,3,4,1,6.451612903225806,9.67741935483871,12.903225806451612,3.225806451612903
292,Albania,31,2020-05-27,2020-12-30,23,2,3,4,1,6.451612903225806,9.67741935483871,12.903225806451612,3.225806451612903
362,Albania,32,2020-05-18,2020-12-28,20,2,3,4,1,6.25,9.375,12.5,3.125
216,Spain,16,2020-07-28,2020-11-10,13,1,2,2,1,6.25,12.5,12.5,6.25
217,Spain,16,2020-07-28,2020-11-10,5,1,2,2,1,6.25,12.5,12.5,6.25
218,Spain,16,2020-07-28,2020-11-10,9,1,2,2,1,6.25,12.5,12.5,6.25
220,Spain,16,2020-07-28,2020-11-10,13,1,2,2,1,6.25,12.5,12.5,6.25
221,Spain,16,2020-07-28,2020-11-10,8,1,2,2,1,6.25,12.5,12.5,6.25
230,Spain,16,2020-07-28,2020-11-10,6,1,2,2,1,6.25,12.5,12.5,6.25
389,Spain,16,2020-08-05,2020-11-18,6,1,2,2,1,6.25,12.5,12.5,6.25
399,Spain,16,2020-07-27,2020-11-12,13,1,2,2,1,6.25,12.5,12.5,6.25
406,Spain,17,2020-08-07,2020-11-25,8,1,2,2,1,5.882352941176471,11.764705882352942,11.764705882352942,5.882352941176471
280,Albania,26,2020-06-10,2020-12-30,21,1,2,3,0,3.8461538461538463,7.6923076923076925,11.538461538461538,0.0
278,Albania,27,2020-06-03,2020-12-30,21,0,3,3,0,0.0,11.11111111111111,11.11111111111111,0.0
279,Albania,27,2020-06-03,2020-12-30,22,0,3,3,0,0.0,11.11111111111111,11.11111111111111,0.0
282,Albania,27,2020-06-03,2020-12-30,20,0,3,3,0,0.0,11.11111111111111,11.11111111111111,0.0
132,Greece,18,2020-01-03,2020-05-01,0,1,2,2,1,5.555555555555555,11.11111111111111,11.11111111111111,5.555555555555555
133,Greece,18,2020-01-03,2020-05-01,0,1,2,2,1,5.555555555555555,11.11111111111111,11.11111111111111,5.555555555555555
134,Greece,18,2020-01-03,2020-05-01,0,1,2,2,1,5.555555555555555,11.11111111111111,11.11111111111111,5.555555555555555
137,Greece,18,2020-01-03,2020-05-01,0,1,2,2,1,5.555555555555555,11.11111111111111,11.11111111111111,5.555555555555555
138,Greece,18,2020-01-03,2020-05-01,0,1,2,2,1,5.555555555555555,11.11111111111111,11.11111111111111,5.555555555555555
139,Greece,18,2020-01-03,2020-05-01,0,1,2,2,1,5.555555555555555,11.11111111111111,11.11111111111111,5.555555555555555
141,Greece,18,2020-01-03,2020-05-01,0,1,2,2,1,5.555555555555555,11.11111111111111,11.11111111111111,5.555555555555555
144,Greece,18,2020-01-03,2020-05-01,0,1,2,2,1,5.555555555555555,11.11111111111111,11.11111111111111,5.555555555555555
145,Greece,18,2020-01-03,2020-05-01,0,1,2,2,1,5.555555555555555,11.11111111111111,11.11111111111111,5.555555555555555
146,Greece,18,2020-01-03,2020-05-01,0,1,2,2,1,5.555555555555555,11.11111111111111,11.11111111111111,5.555555555555555
1352,Austria,18,2020-05-12,2020-10-09,1,1,2,2,1,5.555555555555555,11.11111111111111,11.11111111111111,5.555555555555555
135,Greece,19,2020-01-03,2020-05-08,0,1,2,2,1,5.2631578947368425,10.526315789473685,10.526315789473685,5.2631578947368425
136,Greece,19,2020-01-03,2020-05-08,0,1,2,2,1,5.2631578947368425,10.526315789473685,10.526315789473685,5.2631578947368425
142,Greece,19,2020-01-03,2020-05-08,0,1,2,2,1,5.2631578947368425,10.526315789473685,10.526315789473685,5.2631578947368425
143,Greece,19,2020-01-03,2020-05-08,0,1,2,2,1,5.2631578947368425,10.526315789473685,10.526315789473685,5.2631578947368425
372,Spain,19,2020-07-29,2020-12-02,7,1,2,2,1,5.2631578947368425,10.526315789473685,10.526315789473685,5.2631578947368425
373,Spain,19,2020-07-29,2020-12-02,10,1,2,2,1,5.2631578947368425,10.526315789473685,10.526315789473685,5.2631578947368425
374,Spain,19,2020-07-29,2020-12-02,13,1,2,2,1,5.2631578947368425,10.526315789473685,10.526315789473685,5.2631578947368425
375,Spain,19,2020-07-29,2020-12-02,8,1,2,2,1,5.2631578947368425,10.526315789473685,10.526315789473685,5.2631578947368425
376,Spain,19,2020-07-29,2020-12-02,14,1,2,2,1,5.2631578947368425,10.526315789473685,10.526315789473685,5.2631578947368425
379,Spain,19,2020-07-29,2020-12-02,0,1,2,2,1,5.2631578947368425,10.526315789473685,10.526315789473685,5.2631578947368425
456,Italy,19,2020-06-30,2020-11-03,15,1,2,2,1,5.2631578947368425,10.526315789473685,10.526315789473685,5.2631578947368425
460,Italy,19,2020-06-30,2020-11-03,17,1,2,2,1,5.2631578947368425,10.526315789473685,10.526315789473685,5.2631578947368425
462,Italy,19,2020-06-30,2020-11-03,14,1,2,2,1,5.2631578947368425,10.526315789473685,10.526315789473685,5.2631578947368425
478,Italy,19,2020-06-30,2020-11-03,11,1,2,2,1,5.2631578947368425,10.526315789473685,10.526315789473685,5.2631578947368425
479,Italy,19,2020-06-30,2020-11-03,17,1,2,2,1,5.2631578947368425,10.526315789473685,10.526315789473685,5.2631578947368425
1448,Austria,20,2020-06-16,2020-10-27,0,1,2,2,1,5.0,10.0,10.0,5.0
448,Italy,21,2020-06-16,2020-11-03,19,1,2,2,1,4.761904761904762,9.523809523809524,9.523809523809524,4.761904761904762
449,Italy,21,2020-06-16,2020-11-03,19,1,2,2,1,4.761904761904762,9.523809523809524,9.523809523809524,4.761904761904762
450,Italy,21,2020-06-16,2020-11-03,20,1,2,2,1,4.761904761904762,9.523809523809524,9.523809523809524,4.761904761904762
451,Italy,21,2020-06-16,2020-11-03,15,1,2,2,1,4.761904761904762,9.523809523809524,9.523809523809524,4.761904761904762
452,Italy,21,2020-06-16,2020-11-03,17,1,2,2,1,4.761904761904762,9.523809523809524,9.523809523809524,4.761904761904762
483,Italy,21,2020-06-16,2020-11-03,14,1,2,2,1,4.761904761904762,9.523809523809524,9.523809523809524,4.761904761904762
1526,Austria,23,2020-05-11,2020-10-12,0,1,2,2,1,4.3478260869565215,8.695652173913043,8.695652173913043,4.3478260869565215
1528,Austria,23,2020-05-11,2020-10-12,0,1,2,2,1,4.3478260869565215,8.695652173913043,8.695652173913043,4.3478260869565215
1529,Austria,23,2020-05-11,2020-10-12,0,1,2,2,1,4.3478260869565215,8.695652173913043,8.695652173913043,4.3478260869565215
1531,Austria,23,2020-05-11,2020-10-12,0,1,2,2,1,4.3478260869565215,8.695652173913043,8.695652173913043,4.3478260869565215
1532,Austria,23,2020-05-11,2020-10-12,0,1,2,2,1,4.3478260869565215,8.695652173913043,8.695652173913043,4.3478260869565215
1431,Austria,24,2020-05-19,2020-10-27,0,1,2,2,1,4.166666666666667,8.333333333333334,8.333333333333334,4.166666666666667
1432,Austria,24,2020-05-19,2020-10-27,0,1,2,2,1,4.166666666666667,8.333333333333334,8.333333333333334,4.166666666666667
1433,Austria,24,2020-05-19,2020-10-27,0,1,2,2,1,4.166666666666667,8.333333333333334,8.333333333333334,4.166666666666667
1434,Austria,24,2020-05-19,2020-10-27,0,1,2,2,1,4.166666666666667,8.333333333333334,8.333333333333334,4.166666666666667
1435,Austria,24,2020-05-19,2020-10-27,0,1,2,2,1,4.166666666666667,8.333333333333334,8.333333333333334,4.166666666666667
1497,Austria,24,2020-05-13,2020-10-21,0,1,2,2,1,4.166666666666667,8.333333333333334,8.333333333333334,4.166666666666667
1335,Austria,25,2020-05-11,2020-10-29,0,1,2,2,1,4.0,8.0,8.0,4.0
1384,Austria,25,2020-05-11,2020-10-29,0,1,2,2,1,4.0,8.0,8.0,4.0
1385,Austria,25,2020-05-11,2020-10-29,0,1,2,2,1,4.0,8.0,8.0,4.0
1387,Austria,25,2020-05-11,2020-10-29,0,1,2,2,1,4.0,8.0,8.0,4.0
1437,Austria,25,2020-05-12,2020-10-27,0,1,2,2,1,4.0,8.0,8.0,4.0
1438,Austria,25,2020-05-12,2020-10-27,0,1,2,2,1,4.0,8.0,8.0,4.0
1457,Austria,25,2020-05-12,2020-10-27,0,1,2,2,1,4.0,8.0,8.0,4.0
1474,Austria,25,2020-05-07,2020-10-22,0,1,2,2,1,4.0,8.0,8.0,4.0
1478,Austria,25,2020-05-07,2020-10-22,0,1,2,2,1,4.0,8.0,8.0,4.0
1484,Austria,25,2020-05-13,2020-10-28,0,1,2,2,1,4.0,8.0,8.0,4.0
1485,Austria,25,2020-05-13,2020-10-28,0,1,2,2,1,4.0,8.0,8.0,4.0
1486,Austria,25,2020-05-13,2020-10-28,0,1,2,2,1,4.0,8.0,8.0,4.0
1487,Austria,25,2020-05-13,2020-10-28,0,1,2,2,1,4.0,8.0,8.0,4.0
1489,Austria,25,2020-05-13,2020-10-28,0,1,2,2,1,4.0,8.0,8.0,4.0
1490,Austria,25,2020-05-13,2020-10-28,0,1,2,2,1,4.0,8.0,8.0,4.0
1491,Austria,25,2020-05-13,2020-10-28,0,1,2,2,1,4.0,8.0,8.0,4.0
1493,Austria,25,2020-05-13,2020-10-28,0,1,2,2,1,4.0,8.0,8.0,4.0
1494,Austria,25,2020-05-13,2020-10-28,0,1,2,2,1,4.0,8.0,8.0,4.0
1495,Austria,25,2020-05-13,2020-10-28,0,1,2,2,1,4.0,8.0,8.0,4.0
1496,Austria,25,2020-05-13,2020-10-28,0,1,2,2,1,4.0,8.0,8.0,4.0
1498,Austria,25,2020-05-13,2020-10-28,0,1,2,2,1,4.0,8.0,8.0,4.0
1499,Austria,25,2020-05-13,2020-10-28,0,1,2,2,1,4.0,8.0,8.0,4.0
1500,Austria,25,2020-05-13,2020-10-28,0,1,2,2,1,4.0,8.0,8.0,4.0
1501,Austria,25,2020-05-13,2020-10-28,0,1,2,2,1,4.0,8.0,8.0,4.0
1502,Austria,25,2020-05-13,2020-10-28,0,1,2,2,1,4.0,8.0,8.0,4.0
1503,Austria,25,2020-05-13,2020-10-28,0,1,2,2,1,4.0,8.0,8.0,4.0
1516,Austria,25,2020-05-13,2020-10-28,0,1,2,2,1,4.0,8.0,8.0,4.0
1517,Austria,25,2020-05-13,2020-10-28,0,1,2,2,1,4.0,8.0,8.0,4.0
1540,Austria,25,2020-05-12,2020-10-27,0,1,2,2,1,4.0,8.0,8.0,4.0
1541,Austria,25,2020-05-12,2020-10-27,0,1,2,2,1,4.0,8.0,8.0,4.0
1542,Austria,25,2020-05-12,2020-10-27,0,1,2,2,1,4.0,8.0,8.0,4.0
1543,Austria,25,2020-05-12,2020-10-27,0,1,2,2,1,4.0,8.0,8.0,4.0
1544,Austria,25,2020-05-12,2020-10-27,0,1,2,2,1,4.0,8.0,8.0,4.0
1238,Austria,26,2020-05-08,2020-10-30,0,1,2,2,1,3.8461538461538463,7.6923076923076925,7.6923076923076925,3.8461538461538463
1244,Austria,26,2020-05-08,2020-10-30,0,1,2,2,1,3.8461538461538463,7.6923076923076925,7.6923076923076925,3.8461538461538463
1260,Austria,26,2020-05-08,2020-10-30,0,1,2,2,1,3.8461538461538463,7.6923076923076925,7.6923076923076925,3.8461538461538463
291,Albania,32,2020-05-27,2020-12-30,18,1,2,2,1,3.125,6.25,6.25,3.125
293,Albania,32,2020-05-27,2020-12-30,20,1,2,2,1,3.125,6.25,6.25,3.125
295,Albania,32,2020-05-27,2020-12-30,19,1,2,2,1,3.125,6.25,6.25,3.125
360,Albania,33,2020-05-18,2020-12-28,24,1,2,2,1,3.0303030303030303,6.0606060606060606,6.0606060606060606,3.0303030303030303
361,Albania,33,2020-05-18,2020-12-28,25,1,2,2,1,3.0303030303030303,6.0606060606060606,6.0606060606060606,3.0303030303030303
363,Albania,33,2020-05-18,2020-12-28,24,1,2,2,1,3.0303030303030303,6.0606060606060606,6.0606060606060606,3.0303030303030303
365,Albania,33,2020-05-18,2020-12-28,20,1,2,2,1,3.0303030303030303,6.0606060606060606,6.0606060606060606,3.0303030303030303
